dt,AverageTemperature,Country
1825-01-01,19.539,Vietnam
1825-02-01,19.797,Vietnam
1825-03-01,22.176,Vietnam
1825-04-01,25.197,Vietnam
1825-05-01,26.235,Vietnam
1825-06-01,27.582,Vietnam
1825-07-01,27.047,Vietnam
1825-08-01,26.086,Vietnam
1825-09-01,24.889,Vietnam
1825-10-01,23.009,Vietnam
1825-11-01,22.261000000000006,Vietnam
1825-12-01,19.511000000000006,Vietnam
1826-01-01,,Vietnam
1826-02-01,,Vietnam
1826-03-01,,Vietnam
1826-04-01,,Vietnam
1826-05-01,,Vietnam
1826-06-01,,Vietnam
1826-07-01,,Vietnam
1826-08-01,,Vietnam
1826-09-01,,Vietnam
1826-10-01,,Vietnam
1826-11-01,,Vietnam
1826-12-01,,Vietnam
1827-01-01,,Vietnam
1827-02-01,,Vietnam
1827-03-01,,Vietnam
1827-04-01,,Vietnam
1827-05-01,,Vietnam
1827-06-01,,Vietnam
1827-07-01,,Vietnam
1827-08-01,,Vietnam
1827-09-01,,Vietnam
1827-10-01,,Vietnam
1827-11-01,,Vietnam
1827-12-01,,Vietnam
1828-01-01,,Vietnam
1828-02-01,,Vietnam
1828-03-01,,Vietnam
1828-04-01,,Vietnam
1828-05-01,,Vietnam
1828-06-01,,Vietnam
1828-07-01,,Vietnam
1828-08-01,,Vietnam
1828-09-01,,Vietnam
1828-10-01,,Vietnam
1828-11-01,,Vietnam
1828-12-01,,Vietnam
1829-01-01,,Vietnam
1829-02-01,,Vietnam
1829-03-01,,Vietnam
1829-04-01,,Vietnam
1829-05-01,,Vietnam
1829-06-01,,Vietnam
1829-07-01,,Vietnam
1829-08-01,,Vietnam
1829-09-01,,Vietnam
1829-10-01,,Vietnam
1829-11-01,,Vietnam
1829-12-01,,Vietnam
1830-01-01,,Vietnam
1830-02-01,,Vietnam
1830-03-01,,Vietnam
1830-04-01,,Vietnam
1830-05-01,,Vietnam
1830-06-01,,Vietnam
1830-07-01,,Vietnam
1830-08-01,,Vietnam
1830-09-01,,Vietnam
1830-10-01,,Vietnam
1830-11-01,,Vietnam
1830-12-01,,Vietnam
1831-01-01,,Vietnam
1831-02-01,,Vietnam
1831-03-01,,Vietnam
1831-04-01,,Vietnam
1831-05-01,,Vietnam
1831-06-01,,Vietnam
1831-07-01,,Vietnam
1831-08-01,,Vietnam
1831-09-01,,Vietnam
1831-10-01,,Vietnam
1831-11-01,,Vietnam
1831-12-01,,Vietnam
1832-01-01,,Vietnam
1832-02-01,,Vietnam
1832-03-01,,Vietnam
1832-04-01,,Vietnam
1832-05-01,,Vietnam
1832-06-01,,Vietnam
1832-07-01,,Vietnam
1832-08-01,,Vietnam
1832-09-01,,Vietnam
1832-10-01,,Vietnam
1832-11-01,,Vietnam
1832-12-01,,Vietnam
1833-01-01,,Vietnam
1833-02-01,,Vietnam
1833-03-01,,Vietnam
1833-04-01,,Vietnam
1833-05-01,,Vietnam
1833-06-01,,Vietnam
1833-07-01,,Vietnam
1833-08-01,,Vietnam
1833-09-01,,Vietnam
1833-10-01,,Vietnam
1833-11-01,,Vietnam
1833-12-01,,Vietnam
1834-01-01,,Vietnam
1834-02-01,,Vietnam
1834-03-01,,Vietnam
1834-04-01,,Vietnam
1834-05-01,,Vietnam
1834-06-01,,Vietnam
1834-07-01,,Vietnam
1834-08-01,,Vietnam
1834-09-01,,Vietnam
1834-10-01,,Vietnam
1834-11-01,,Vietnam
1834-12-01,,Vietnam
1835-01-01,,Vietnam
1835-02-01,,Vietnam
1835-03-01,,Vietnam
1835-04-01,,Vietnam
1835-05-01,,Vietnam
1835-06-01,,Vietnam
1835-07-01,,Vietnam
1835-08-01,,Vietnam
1835-09-01,,Vietnam
1835-10-01,,Vietnam
1835-11-01,,Vietnam
1835-12-01,,Vietnam
1836-01-01,,Vietnam
1836-02-01,,Vietnam
1836-03-01,,Vietnam
1836-04-01,,Vietnam
1836-05-01,,Vietnam
1836-06-01,,Vietnam
1836-07-01,,Vietnam
1836-08-01,,Vietnam
1836-09-01,,Vietnam
1836-10-01,,Vietnam
1836-11-01,,Vietnam
1836-12-01,,Vietnam
1837-01-01,,Vietnam
1837-02-01,,Vietnam
1837-03-01,,Vietnam
1837-04-01,,Vietnam
1837-05-01,,Vietnam
1837-06-01,,Vietnam
1837-07-01,,Vietnam
1837-08-01,,Vietnam
1837-09-01,,Vietnam
1837-10-01,,Vietnam
1837-11-01,,Vietnam
1837-12-01,,Vietnam
1838-01-01,,Vietnam
1838-02-01,,Vietnam
1838-03-01,,Vietnam
1838-04-01,,Vietnam
1838-05-01,,Vietnam
1838-06-01,,Vietnam
1838-07-01,,Vietnam
1838-08-01,,Vietnam
1838-09-01,,Vietnam
1838-10-01,,Vietnam
1838-11-01,,Vietnam
1838-12-01,,Vietnam
1839-01-01,,Vietnam
1839-02-01,,Vietnam
1839-03-01,,Vietnam
1839-04-01,24.255,Vietnam
1839-05-01,25.554,Vietnam
1839-06-01,26.448,Vietnam
1839-07-01,27.00500000000001,Vietnam
1839-08-01,26.464,Vietnam
1839-09-01,24.545,Vietnam
1839-10-01,23.129,Vietnam
1839-11-01,20.224,Vietnam
1839-12-01,17.916,Vietnam
1840-01-01,19.269,Vietnam
1840-02-01,19.599,Vietnam
1840-03-01,21.168000000000003,Vietnam
1840-04-01,23.71,Vietnam
1840-05-01,26.015,Vietnam
1840-06-01,26.771,Vietnam
1840-07-01,27.345,Vietnam
1840-08-01,25.989,Vietnam
1840-09-01,24.961,Vietnam
1840-10-01,22.739,Vietnam
1840-11-01,21.289,Vietnam
1840-12-01,18.863000000000003,Vietnam
1841-01-01,18.628,Vietnam
1841-02-01,19.649,Vietnam
1841-03-01,21.359,Vietnam
1841-04-01,23.992,Vietnam
1841-05-01,26.1,Vietnam
1841-06-01,27.022,Vietnam
1841-07-01,27.514000000000006,Vietnam
1841-08-01,27.0,Vietnam
1841-09-01,25.046,Vietnam
1841-10-01,24.074,Vietnam
1841-11-01,21.878,Vietnam
1841-12-01,20.08,Vietnam
1842-01-01,19.329,Vietnam
1842-02-01,20.59,Vietnam
1842-03-01,22.425,Vietnam
1842-04-01,24.281,Vietnam
1842-05-01,25.696,Vietnam
1842-06-01,26.515,Vietnam
1842-07-01,26.275,Vietnam
1842-08-01,26.118,Vietnam
1842-09-01,24.758000000000003,Vietnam
1842-10-01,22.791,Vietnam
1842-11-01,21.086,Vietnam
1842-12-01,20.15,Vietnam
1843-01-01,19.611,Vietnam
1843-02-01,20.471,Vietnam
1843-03-01,21.62,Vietnam
1843-04-01,24.092,Vietnam
1843-05-01,25.701,Vietnam
1843-06-01,26.965,Vietnam
1843-07-01,26.734,Vietnam
1843-08-01,26.327,Vietnam
1843-09-01,24.914,Vietnam
1843-10-01,23.168000000000006,Vietnam
1843-11-01,21.564,Vietnam
1843-12-01,19.826,Vietnam
1844-01-01,18.491,Vietnam
1844-02-01,19.459,Vietnam
1844-03-01,22.37,Vietnam
1844-04-01,23.974,Vietnam
1844-05-01,25.698,Vietnam
1844-06-01,26.437,Vietnam
1844-07-01,26.367,Vietnam
1844-08-01,25.608,Vietnam
1844-09-01,24.296,Vietnam
1844-10-01,22.968000000000004,Vietnam
1844-11-01,20.427,Vietnam
1844-12-01,18.759,Vietnam
1845-01-01,18.542,Vietnam
1845-02-01,19.571,Vietnam
1845-03-01,21.491,Vietnam
1845-04-01,,Vietnam
1845-05-01,25.446,Vietnam
1845-06-01,26.426,Vietnam
1845-07-01,26.31900000000001,Vietnam
1845-08-01,25.679,Vietnam
1845-09-01,24.467,Vietnam
1845-10-01,22.222,Vietnam
1845-11-01,20.55,Vietnam
1845-12-01,18.432,Vietnam
1846-01-01,19.739,Vietnam
1846-02-01,19.847,Vietnam
1846-03-01,22.544,Vietnam
1846-04-01,23.836,Vietnam
1846-05-01,25.853,Vietnam
1846-06-01,27.004,Vietnam
1846-07-01,27.16200000000001,Vietnam
1846-08-01,26.378,Vietnam
1846-09-01,24.818,Vietnam
1846-10-01,22.914,Vietnam
1846-11-01,20.76,Vietnam
1846-12-01,19.671000000000006,Vietnam
1847-01-01,18.627,Vietnam
1847-02-01,19.572,Vietnam
1847-03-01,21.084,Vietnam
1847-04-01,23.621,Vietnam
1847-05-01,25.128,Vietnam
1847-06-01,26.289,Vietnam
1847-07-01,26.967,Vietnam
1847-08-01,25.756,Vietnam
1847-09-01,24.787,Vietnam
1847-10-01,22.64,Vietnam
1847-11-01,21.533,Vietnam
1847-12-01,18.843,Vietnam
1848-01-01,17.253,Vietnam
1848-02-01,20.395,Vietnam
1848-03-01,21.628,Vietnam
1848-04-01,23.847,Vietnam
1848-05-01,25.668000000000003,Vietnam
1848-06-01,26.486,Vietnam
1848-07-01,26.786,Vietnam
1848-08-01,25.657,Vietnam
1848-09-01,24.519,Vietnam
1848-10-01,23.173,Vietnam
1848-11-01,20.729000000000006,Vietnam
1848-12-01,19.002,Vietnam
1849-01-01,18.747,Vietnam
1849-02-01,19.698,Vietnam
1849-03-01,22.309,Vietnam
1849-04-01,23.412,Vietnam
1849-05-01,25.283,Vietnam
1849-06-01,26.522,Vietnam
1849-07-01,26.87,Vietnam
1849-08-01,26.169,Vietnam
1849-09-01,24.752,Vietnam
1849-10-01,23.619000000000003,Vietnam
1849-11-01,21.735000000000007,Vietnam
1849-12-01,18.149,Vietnam
1850-01-01,18.027,Vietnam
1850-02-01,19.899,Vietnam
1850-03-01,21.896,Vietnam
1850-04-01,23.868,Vietnam
1850-05-01,25.431,Vietnam
1850-06-01,26.767,Vietnam
1850-07-01,26.933000000000003,Vietnam
1850-08-01,26.534,Vietnam
1850-09-01,25.043000000000003,Vietnam
1850-10-01,23.46,Vietnam
1850-11-01,21.279,Vietnam
1850-12-01,19.244000000000003,Vietnam
1851-01-01,19.131,Vietnam
1851-02-01,19.641,Vietnam
1851-03-01,21.237,Vietnam
1851-04-01,23.602,Vietnam
1851-05-01,26.297,Vietnam
1851-06-01,26.895,Vietnam
1851-07-01,27.094,Vietnam
1851-08-01,26.477,Vietnam
1851-09-01,25.3,Vietnam
1851-10-01,23.636000000000006,Vietnam
1851-11-01,21.063,Vietnam
1851-12-01,19.858,Vietnam
1852-01-01,19.048,Vietnam
1852-02-01,19.681,Vietnam
1852-03-01,20.834,Vietnam
1852-04-01,23.842,Vietnam
1852-05-01,26.411,Vietnam
1852-06-01,26.985,Vietnam
1852-07-01,27.063,Vietnam
1852-08-01,26.038,Vietnam
1852-09-01,25.028,Vietnam
1852-10-01,23.515,Vietnam
1852-11-01,20.725,Vietnam
1852-12-01,19.462000000000003,Vietnam
1853-01-01,17.875,Vietnam
1853-02-01,18.921,Vietnam
1853-03-01,22.388,Vietnam
1853-04-01,24.801,Vietnam
1853-05-01,26.748,Vietnam
1853-06-01,27.189,Vietnam
1853-07-01,27.257,Vietnam
1853-08-01,26.795,Vietnam
1853-09-01,25.517,Vietnam
1853-10-01,23.479000000000006,Vietnam
1853-11-01,21.609,Vietnam
1853-12-01,19.472,Vietnam
1854-01-01,19.043,Vietnam
1854-02-01,19.091,Vietnam
1854-03-01,22.343000000000004,Vietnam
1854-04-01,23.857,Vietnam
1854-05-01,26.56,Vietnam
1854-06-01,27.018,Vietnam
1854-07-01,27.747,Vietnam
1854-08-01,26.632,Vietnam
1854-09-01,24.966,Vietnam
1854-10-01,23.582,Vietnam
1854-11-01,21.35100000000001,Vietnam
1854-12-01,19.777,Vietnam
1855-01-01,19.142,Vietnam
1855-02-01,20.021,Vietnam
1855-03-01,21.927,Vietnam
1855-04-01,25.019,Vietnam
1855-05-01,26.676,Vietnam
1855-06-01,26.543000000000003,Vietnam
1855-07-01,26.556,Vietnam
1855-08-01,26.349,Vietnam
1855-09-01,24.84,Vietnam
1855-10-01,22.435,Vietnam
1855-11-01,20.938,Vietnam
1855-12-01,18.564,Vietnam
1856-01-01,18.535,Vietnam
1856-02-01,18.974,Vietnam
1856-03-01,21.554,Vietnam
1856-04-01,23.918000000000003,Vietnam
1856-05-01,25.819000000000003,Vietnam
1856-06-01,27.204,Vietnam
1856-07-01,26.344,Vietnam
1856-08-01,25.738000000000003,Vietnam
1856-09-01,24.94,Vietnam
1856-10-01,22.701,Vietnam
1856-11-01,20.453000000000007,Vietnam
1856-12-01,18.84800000000001,Vietnam
1857-01-01,18.238,Vietnam
1857-02-01,19.79,Vietnam
1857-03-01,21.875,Vietnam
1857-04-01,23.54,Vietnam
1857-05-01,25.466,Vietnam
1857-06-01,26.032,Vietnam
1857-07-01,26.637,Vietnam
1857-08-01,25.456,Vietnam
1857-09-01,24.662,Vietnam
1857-10-01,22.744000000000003,Vietnam
1857-11-01,,Vietnam
1857-12-01,,Vietnam
1858-01-01,19.127,Vietnam
1858-02-01,19.438,Vietnam
1858-03-01,21.746,Vietnam
1858-04-01,24.646,Vietnam
1858-05-01,25.765,Vietnam
1858-06-01,26.774,Vietnam
1858-07-01,26.451,Vietnam
1858-08-01,26.077,Vietnam
1858-09-01,25.313,Vietnam
1858-10-01,23.859,Vietnam
1858-11-01,21.308000000000003,Vietnam
1858-12-01,18.961,Vietnam
1859-01-01,18.415,Vietnam
1859-02-01,19.892,Vietnam
1859-03-01,21.476,Vietnam
1859-04-01,24.586,Vietnam
1859-05-01,26.706,Vietnam
1859-06-01,27.246,Vietnam
1859-07-01,26.796000000000006,Vietnam
1859-08-01,26.393,Vietnam
1859-09-01,25.174,Vietnam
1859-10-01,23.863000000000003,Vietnam
1859-11-01,21.275,Vietnam
1859-12-01,18.632,Vietnam
1860-01-01,18.803,Vietnam
1860-02-01,19.893,Vietnam
1860-03-01,21.568,Vietnam
1860-04-01,23.862,Vietnam
1860-05-01,25.536,Vietnam
1860-06-01,26.673,Vietnam
1860-07-01,26.586,Vietnam
1860-08-01,26.732,Vietnam
1860-09-01,25.128,Vietnam
1860-10-01,23.66,Vietnam
1860-11-01,21.087,Vietnam
1860-12-01,19.095,Vietnam
1861-01-01,18.639,Vietnam
1861-02-01,18.455,Vietnam
1861-03-01,21.453000000000003,Vietnam
1861-04-01,23.546,Vietnam
1861-05-01,25.45,Vietnam
1861-06-01,26.632,Vietnam
1861-07-01,26.486,Vietnam
1861-08-01,26.481,Vietnam
1861-09-01,25.17,Vietnam
1861-10-01,23.372000000000003,Vietnam
1861-11-01,22.092,Vietnam
1861-12-01,19.181,Vietnam
1862-01-01,17.253999999999998,Vietnam
1862-02-01,18.405,Vietnam
1862-03-01,21.088,Vietnam
1862-04-01,,Vietnam
1862-05-01,,Vietnam
1862-06-01,,Vietnam
1862-07-01,,Vietnam
1862-08-01,,Vietnam
1862-09-01,,Vietnam
1862-10-01,,Vietnam
1862-11-01,,Vietnam
1862-12-01,,Vietnam
1863-01-01,19.124,Vietnam
1863-02-01,20.059,Vietnam
1863-03-01,21.697,Vietnam
1863-04-01,23.998,Vietnam
1863-05-01,25.999,Vietnam
1863-06-01,26.757,Vietnam
1863-07-01,26.887,Vietnam
1863-08-01,25.874,Vietnam
1863-09-01,24.703000000000003,Vietnam
1863-10-01,22.937,Vietnam
1863-11-01,20.385,Vietnam
1863-12-01,18.722,Vietnam
1864-01-01,18.018,Vietnam
1864-02-01,18.194000000000003,Vietnam
1864-03-01,20.591,Vietnam
1864-04-01,24.235,Vietnam
1864-05-01,26.042,Vietnam
1864-06-01,27.097,Vietnam
1864-07-01,26.653,Vietnam
1864-08-01,25.962,Vietnam
1864-09-01,24.916,Vietnam
1864-10-01,23.617,Vietnam
1864-11-01,20.881,Vietnam
1864-12-01,19.33,Vietnam
1865-01-01,19.102,Vietnam
1865-02-01,20.027,Vietnam
1865-03-01,21.826,Vietnam
1865-04-01,23.577,Vietnam
1865-05-01,26.157,Vietnam
1865-06-01,27.179,Vietnam
1865-07-01,26.799,Vietnam
1865-08-01,26.619,Vietnam
1865-09-01,25.363000000000003,Vietnam
1865-10-01,23.991000000000003,Vietnam
1865-11-01,21.785,Vietnam
1865-12-01,19.14,Vietnam
1866-01-01,19.362,Vietnam
1866-02-01,19.614,Vietnam
1866-03-01,21.376,Vietnam
1866-04-01,24.214,Vietnam
1866-05-01,26.424,Vietnam
1866-06-01,26.45,Vietnam
1866-07-01,26.925,Vietnam
1866-08-01,26.738000000000003,Vietnam
1866-09-01,25.356,Vietnam
1866-10-01,23.360000000000007,Vietnam
1866-11-01,21.261000000000006,Vietnam
1866-12-01,19.341,Vietnam
1867-01-01,18.236,Vietnam
1867-02-01,19.793,Vietnam
1867-03-01,21.911,Vietnam
1867-04-01,24.685,Vietnam
1867-05-01,26.446,Vietnam
1867-06-01,27.208,Vietnam
1867-07-01,26.905,Vietnam
1867-08-01,26.161,Vietnam
1867-09-01,25.512,Vietnam
1867-10-01,24.077,Vietnam
1867-11-01,21.302,Vietnam
1867-12-01,19.173,Vietnam
1868-01-01,19.165,Vietnam
1868-02-01,20.006,Vietnam
1868-03-01,21.684,Vietnam
1868-04-01,24.441,Vietnam
1868-05-01,26.106,Vietnam
1868-06-01,26.877,Vietnam
1868-07-01,26.867,Vietnam
1868-08-01,26.546,Vietnam
1868-09-01,25.549,Vietnam
1868-10-01,24.406,Vietnam
1868-11-01,21.661,Vietnam
1868-12-01,20.00500000000001,Vietnam
1869-01-01,18.482,Vietnam
1869-02-01,19.804,Vietnam
1869-03-01,21.465,Vietnam
1869-04-01,23.845,Vietnam
1869-05-01,26.292,Vietnam
1869-06-01,27.101,Vietnam
1869-07-01,27.19,Vietnam
1869-08-01,26.352,Vietnam
1869-09-01,25.583,Vietnam
1869-10-01,23.372000000000003,Vietnam
1869-11-01,20.335,Vietnam
1869-12-01,18.609,Vietnam
1870-01-01,18.378,Vietnam
1870-02-01,18.938,Vietnam
1870-03-01,21.719,Vietnam
1870-04-01,25.038,Vietnam
1870-05-01,26.42,Vietnam
1870-06-01,27.276,Vietnam
1870-07-01,27.368,Vietnam
1870-08-01,26.023000000000003,Vietnam
1870-09-01,24.957,Vietnam
1870-10-01,23.511000000000006,Vietnam
1870-11-01,20.863000000000003,Vietnam
1870-12-01,18.361,Vietnam
1871-01-01,18.626,Vietnam
1871-02-01,19.719,Vietnam
1871-03-01,21.769,Vietnam
1871-04-01,25.412,Vietnam
1871-05-01,26.714,Vietnam
1871-06-01,26.93,Vietnam
1871-07-01,26.394,Vietnam
1871-08-01,26.16,Vietnam
1871-09-01,25.025,Vietnam
1871-10-01,23.414,Vietnam
1871-11-01,20.621,Vietnam
1871-12-01,18.261000000000006,Vietnam
1872-01-01,18.174,Vietnam
1872-02-01,18.036,Vietnam
1872-03-01,21.615,Vietnam
1872-04-01,25.426,Vietnam
1872-05-01,26.836,Vietnam
1872-06-01,27.574,Vietnam
1872-07-01,26.972,Vietnam
1872-08-01,26.72,Vietnam
1872-09-01,25.592,Vietnam
1872-10-01,23.587000000000003,Vietnam
1872-11-01,21.709,Vietnam
1872-12-01,19.572000000000006,Vietnam
1873-01-01,18.024,Vietnam
1873-02-01,19.737,Vietnam
1873-03-01,21.663,Vietnam
1873-04-01,24.111,Vietnam
1873-05-01,26.373,Vietnam
1873-06-01,27.056,Vietnam
1873-07-01,26.781,Vietnam
1873-08-01,26.289,Vietnam
1873-09-01,25.782,Vietnam
1873-10-01,23.657,Vietnam
1873-11-01,22.001,Vietnam
1873-12-01,19.805000000000003,Vietnam
1874-01-01,18.231,Vietnam
1874-02-01,19.917,Vietnam
1874-03-01,21.806,Vietnam
1874-04-01,24.52,Vietnam
1874-05-01,26.394,Vietnam
1874-06-01,27.762,Vietnam
1874-07-01,27.06,Vietnam
1874-08-01,26.26,Vietnam
1874-09-01,25.767,Vietnam
1874-10-01,24.148000000000003,Vietnam
1874-11-01,21.16,Vietnam
1874-12-01,19.376,Vietnam
1875-01-01,17.463,Vietnam
1875-02-01,19.25,Vietnam
1875-03-01,21.994,Vietnam
1875-04-01,24.036,Vietnam
1875-05-01,26.38,Vietnam
1875-06-01,27.191,Vietnam
1875-07-01,27.048,Vietnam
1875-08-01,26.559,Vietnam
1875-09-01,25.349,Vietnam
1875-10-01,23.459000000000003,Vietnam
1875-11-01,20.950000000000006,Vietnam
1875-12-01,17.820999999999998,Vietnam
1876-01-01,18.178,Vietnam
1876-02-01,19.123,Vietnam
1876-03-01,21.482,Vietnam
1876-04-01,24.376,Vietnam
1876-05-01,25.591,Vietnam
1876-06-01,26.825,Vietnam
1876-07-01,26.331,Vietnam
1876-08-01,26.108,Vietnam
1876-09-01,24.948,Vietnam
1876-10-01,23.431,Vietnam
1876-11-01,20.826,Vietnam
1876-12-01,18.219,Vietnam
1877-01-01,18.817,Vietnam
1877-02-01,19.11,Vietnam
1877-03-01,21.501,Vietnam
1877-04-01,24.518,Vietnam
1877-05-01,27.257,Vietnam
1877-06-01,26.847,Vietnam
1877-07-01,26.744,Vietnam
1877-08-01,26.777,Vietnam
1877-09-01,25.493,Vietnam
1877-10-01,23.725,Vietnam
1877-11-01,22.354000000000006,Vietnam
1877-12-01,19.702,Vietnam
1878-01-01,17.939999999999994,Vietnam
1878-02-01,19.549,Vietnam
1878-03-01,22.399,Vietnam
1878-04-01,25.77,Vietnam
1878-05-01,27.607,Vietnam
1878-06-01,26.703000000000003,Vietnam
1878-07-01,27.746,Vietnam
1878-08-01,26.502,Vietnam
1878-09-01,26.153,Vietnam
1878-10-01,24.05,Vietnam
1878-11-01,22.399,Vietnam
1878-12-01,20.048,Vietnam
1879-01-01,18.785,Vietnam
1879-02-01,20.077,Vietnam
1879-03-01,21.491,Vietnam
1879-04-01,24.283,Vietnam
1879-05-01,26.843000000000004,Vietnam
1879-06-01,26.826,Vietnam
1879-07-01,26.796000000000006,Vietnam
1879-08-01,26.203000000000003,Vietnam
1879-09-01,25.253,Vietnam
1879-10-01,24.159,Vietnam
1879-11-01,21.543000000000006,Vietnam
1879-12-01,19.75500000000001,Vietnam
1880-01-01,18.823,Vietnam
1880-02-01,19.464,Vietnam
1880-03-01,21.739,Vietnam
1880-04-01,23.74,Vietnam
1880-05-01,26.062,Vietnam
1880-06-01,26.491,Vietnam
1880-07-01,26.581000000000003,Vietnam
1880-08-01,26.308000000000003,Vietnam
1880-09-01,25.227,Vietnam
1880-10-01,23.707,Vietnam
1880-11-01,21.208,Vietnam
1880-12-01,18.97600000000001,Vietnam
1881-01-01,18.741,Vietnam
1881-02-01,20.171,Vietnam
1881-03-01,21.388,Vietnam
1881-04-01,24.145,Vietnam
1881-05-01,26.303,Vietnam
1881-06-01,26.835,Vietnam
1881-07-01,26.731,Vietnam
1881-08-01,25.97,Vietnam
1881-09-01,25.29,Vietnam
1881-10-01,23.853,Vietnam
1881-11-01,21.759,Vietnam
1881-12-01,19.543000000000006,Vietnam
1882-01-01,19.106,Vietnam
1882-02-01,19.464,Vietnam
1882-03-01,21.436,Vietnam
1882-04-01,24.354,Vietnam
1882-05-01,26.263,Vietnam
1882-06-01,26.948,Vietnam
1882-07-01,26.961,Vietnam
1882-08-01,25.801,Vietnam
1882-09-01,25.378,Vietnam
1882-10-01,23.928,Vietnam
1882-11-01,21.202,Vietnam
1882-12-01,19.14,Vietnam
1883-01-01,18.249,Vietnam
1883-02-01,18.861,Vietnam
1883-03-01,21.313,Vietnam
1883-04-01,23.969,Vietnam
1883-05-01,26.456,Vietnam
1883-06-01,26.786,Vietnam
1883-07-01,26.85,Vietnam
1883-08-01,25.906,Vietnam
1883-09-01,24.629,Vietnam
1883-10-01,23.753,Vietnam
1883-11-01,21.09800000000001,Vietnam
1883-12-01,18.834000000000003,Vietnam
1884-01-01,18.693,Vietnam
1884-02-01,18.459,Vietnam
1884-03-01,21.086,Vietnam
1884-04-01,23.339,Vietnam
1884-05-01,25.149,Vietnam
1884-06-01,25.975,Vietnam
1884-07-01,26.793000000000006,Vietnam
1884-08-01,25.992,Vietnam
1884-09-01,24.95,Vietnam
1884-10-01,23.881,Vietnam
1884-11-01,20.892000000000003,Vietnam
1884-12-01,18.349,Vietnam
1885-01-01,18.231,Vietnam
1885-02-01,18.426,Vietnam
1885-03-01,21.441,Vietnam
1885-04-01,24.579,Vietnam
1885-05-01,26.847,Vietnam
1885-06-01,26.751,Vietnam
1885-07-01,26.626,Vietnam
1885-08-01,25.901,Vietnam
1885-09-01,24.95,Vietnam
1885-10-01,23.507,Vietnam
1885-11-01,21.313,Vietnam
1885-12-01,19.73,Vietnam
1886-01-01,18.233,Vietnam
1886-02-01,17.912,Vietnam
1886-03-01,21.519,Vietnam
1886-04-01,24.211,Vietnam
1886-05-01,26.308000000000003,Vietnam
1886-06-01,26.873,Vietnam
1886-07-01,26.835,Vietnam
1886-08-01,26.385,Vietnam
1886-09-01,25.478,Vietnam
1886-10-01,24.09800000000001,Vietnam
1886-11-01,21.228,Vietnam
1886-12-01,18.437,Vietnam
1887-01-01,17.648,Vietnam
1887-02-01,18.137,Vietnam
1887-03-01,20.959,Vietnam
1887-04-01,24.092,Vietnam
1887-05-01,25.513,Vietnam
1887-06-01,26.792,Vietnam
1887-07-01,26.616,Vietnam
1887-08-01,25.807,Vietnam
1887-09-01,25.55,Vietnam
1887-10-01,23.837000000000003,Vietnam
1887-11-01,21.81,Vietnam
1887-12-01,19.450000000000006,Vietnam
1888-01-01,19.267,Vietnam
1888-02-01,18.468,Vietnam
1888-03-01,22.028,Vietnam
1888-04-01,25.018,Vietnam
1888-05-01,26.925,Vietnam
1888-06-01,26.492,Vietnam
1888-07-01,27.196,Vietnam
1888-08-01,26.264,Vietnam
1888-09-01,25.471,Vietnam
1888-10-01,23.805000000000003,Vietnam
1888-11-01,21.829,Vietnam
1888-12-01,19.789,Vietnam
1889-01-01,18.503,Vietnam
1889-02-01,19.553,Vietnam
1889-03-01,22.104,Vietnam
1889-04-01,24.947,Vietnam
1889-05-01,27.307,Vietnam
1889-06-01,27.124,Vietnam
1889-07-01,27.202,Vietnam
1889-08-01,26.237,Vietnam
1889-09-01,25.417,Vietnam
1889-10-01,24.387,Vietnam
1889-11-01,21.234,Vietnam
1889-12-01,19.375,Vietnam
1890-01-01,18.242,Vietnam
1890-02-01,21.012,Vietnam
1890-03-01,20.674,Vietnam
1890-04-01,24.13,Vietnam
1890-05-01,26.478,Vietnam
1890-06-01,26.335,Vietnam
1890-07-01,26.599,Vietnam
1890-08-01,25.92,Vietnam
1890-09-01,25.005,Vietnam
1890-10-01,23.625,Vietnam
1890-11-01,21.922,Vietnam
1890-12-01,21.256,Vietnam
1891-01-01,20.851,Vietnam
1891-02-01,18.911,Vietnam
1891-03-01,21.099,Vietnam
1891-04-01,23.465,Vietnam
1891-05-01,27.246,Vietnam
1891-06-01,26.684,Vietnam
1891-07-01,26.860000000000007,Vietnam
1891-08-01,25.778,Vietnam
1891-09-01,25.496,Vietnam
1891-10-01,24.475,Vietnam
1891-11-01,21.583,Vietnam
1891-12-01,19.496,Vietnam
1892-01-01,18.612,Vietnam
1892-02-01,20.011,Vietnam
1892-03-01,20.228,Vietnam
1892-04-01,23.732,Vietnam
1892-05-01,25.672,Vietnam
1892-06-01,26.608,Vietnam
1892-07-01,26.259,Vietnam
1892-08-01,25.532,Vietnam
1892-09-01,24.969,Vietnam
1892-10-01,23.450000000000006,Vietnam
1892-11-01,21.472,Vietnam
1892-12-01,17.901000000000003,Vietnam
1893-01-01,17.77,Vietnam
1893-02-01,17.511,Vietnam
1893-03-01,21.184,Vietnam
1893-04-01,23.906,Vietnam
1893-05-01,25.138,Vietnam
1893-06-01,26.83,Vietnam
1893-07-01,25.798,Vietnam
1893-08-01,26.247,Vietnam
1893-09-01,25.47,Vietnam
1893-10-01,23.503,Vietnam
1893-11-01,21.608,Vietnam
1893-12-01,19.121,Vietnam
1894-01-01,18.843,Vietnam
1894-02-01,20.455,Vietnam
1894-03-01,21.372,Vietnam
1894-04-01,24.567,Vietnam
1894-05-01,26.041,Vietnam
1894-06-01,26.387,Vietnam
1894-07-01,25.919,Vietnam
1894-08-01,26.068,Vietnam
1894-09-01,25.277,Vietnam
1894-10-01,22.987,Vietnam
1894-11-01,21.095,Vietnam
1894-12-01,19.053,Vietnam
1895-01-01,17.808999999999994,Vietnam
1895-02-01,19.729,Vietnam
1895-03-01,21.506,Vietnam
1895-04-01,25.405,Vietnam
1895-05-01,26.315,Vietnam
1895-06-01,26.921,Vietnam
1895-07-01,27.054,Vietnam
1895-08-01,26.426,Vietnam
1895-09-01,25.502,Vietnam
1895-10-01,23.782,Vietnam
1895-11-01,20.903,Vietnam
1895-12-01,19.931,Vietnam
1896-01-01,19.051,Vietnam
1896-02-01,19.115,Vietnam
1896-03-01,21.52,Vietnam
1896-04-01,24.59,Vietnam
1896-05-01,26.087,Vietnam
1896-06-01,27.0,Vietnam
1896-07-01,27.145,Vietnam
1896-08-01,26.429,Vietnam
1896-09-01,25.592,Vietnam
1896-10-01,23.678,Vietnam
1896-11-01,21.808000000000003,Vietnam
1896-12-01,19.328000000000007,Vietnam
1897-01-01,19.713,Vietnam
1897-02-01,19.893,Vietnam
1897-03-01,22.353,Vietnam
1897-04-01,24.851,Vietnam
1897-05-01,27.007,Vietnam
1897-06-01,27.787,Vietnam
1897-07-01,26.839,Vietnam
1897-08-01,26.451,Vietnam
1897-09-01,25.662,Vietnam
1897-10-01,24.355,Vietnam
1897-11-01,21.375,Vietnam
1897-12-01,18.994,Vietnam
1898-01-01,18.206,Vietnam
1898-02-01,20.358,Vietnam
1898-03-01,21.576,Vietnam
1898-04-01,24.033,Vietnam
1898-05-01,26.549,Vietnam
1898-06-01,27.757,Vietnam
1898-07-01,26.716,Vietnam
1898-08-01,26.94,Vietnam
1898-09-01,26.015,Vietnam
1898-10-01,23.811,Vietnam
1898-11-01,21.243,Vietnam
1898-12-01,18.384,Vietnam
1899-01-01,17.404,Vietnam
1899-02-01,18.359,Vietnam
1899-03-01,20.973000000000003,Vietnam
1899-04-01,23.601,Vietnam
1899-05-01,26.276,Vietnam
1899-06-01,26.739,Vietnam
1899-07-01,27.326,Vietnam
1899-08-01,26.756,Vietnam
1899-09-01,25.783,Vietnam
1899-10-01,23.89,Vietnam
1899-11-01,20.853,Vietnam
1899-12-01,20.696,Vietnam
1900-01-01,18.011,Vietnam
1900-02-01,18.809,Vietnam
1900-03-01,21.366,Vietnam
1900-04-01,25.18,Vietnam
1900-05-01,26.479,Vietnam
1900-06-01,27.012,Vietnam
1900-07-01,26.903,Vietnam
1900-08-01,26.525,Vietnam
1900-09-01,25.455,Vietnam
1900-10-01,24.096,Vietnam
1900-11-01,22.137,Vietnam
1900-12-01,20.239,Vietnam
1901-01-01,20.774,Vietnam
1901-02-01,17.38,Vietnam
1901-03-01,20.66,Vietnam
1901-04-01,24.627,Vietnam
1901-05-01,26.33,Vietnam
1901-06-01,27.334,Vietnam
1901-07-01,26.689,Vietnam
1901-08-01,26.385,Vietnam
1901-09-01,25.708,Vietnam
1901-10-01,24.41,Vietnam
1901-11-01,21.902,Vietnam
1901-12-01,19.044,Vietnam
1902-01-01,19.467,Vietnam
1902-02-01,18.231,Vietnam
1902-03-01,22.166,Vietnam
1902-04-01,24.617,Vietnam
1902-05-01,27.331,Vietnam
1902-06-01,27.771,Vietnam
1902-07-01,27.06600000000001,Vietnam
1902-08-01,26.66,Vietnam
1902-09-01,25.771,Vietnam
1902-10-01,24.200000000000006,Vietnam
1902-11-01,22.759,Vietnam
1902-12-01,20.142000000000003,Vietnam
1903-01-01,18.697,Vietnam
1903-02-01,18.357,Vietnam
1903-03-01,22.503,Vietnam
1903-04-01,24.685,Vietnam
1903-05-01,26.536,Vietnam
1903-06-01,27.611,Vietnam
1903-07-01,26.81900000000001,Vietnam
1903-08-01,26.348000000000003,Vietnam
1903-09-01,25.295,Vietnam
1903-10-01,24.131,Vietnam
1903-11-01,21.009,Vietnam
1903-12-01,18.31600000000001,Vietnam
1904-01-01,18.664,Vietnam
1904-02-01,19.664,Vietnam
1904-03-01,21.458,Vietnam
1904-04-01,24.311,Vietnam
1904-05-01,25.712,Vietnam
1904-06-01,26.73,Vietnam
1904-07-01,26.805,Vietnam
1904-08-01,26.663,Vietnam
1904-09-01,25.597,Vietnam
1904-10-01,24.344,Vietnam
1904-11-01,21.391,Vietnam
1904-12-01,18.456000000000003,Vietnam
1905-01-01,20.443,Vietnam
1905-02-01,18.344,Vietnam
1905-03-01,21.042,Vietnam
1905-04-01,24.478,Vietnam
1905-05-01,26.446,Vietnam
1905-06-01,27.299,Vietnam
1905-07-01,26.666,Vietnam
1905-08-01,26.779,Vietnam
1905-09-01,25.301,Vietnam
1905-10-01,23.767000000000003,Vietnam
1905-11-01,21.699,Vietnam
1905-12-01,20.644,Vietnam
1906-01-01,18.806,Vietnam
1906-02-01,21.349,Vietnam
1906-03-01,21.815,Vietnam
1906-04-01,24.603,Vietnam
1906-05-01,26.579,Vietnam
1906-06-01,27.065,Vietnam
1906-07-01,27.397,Vietnam
1906-08-01,26.957,Vietnam
1906-09-01,25.863000000000003,Vietnam
1906-10-01,23.561,Vietnam
1906-11-01,21.049,Vietnam
1906-12-01,19.964,Vietnam
1907-01-01,19.185,Vietnam
1907-02-01,18.674,Vietnam
1907-03-01,21.815,Vietnam
1907-04-01,23.691,Vietnam
1907-05-01,26.047,Vietnam
1907-06-01,26.543000000000003,Vietnam
1907-07-01,27.02,Vietnam
1907-08-01,26.37,Vietnam
1907-09-01,25.99,Vietnam
1907-10-01,24.554,Vietnam
1907-11-01,22.266,Vietnam
1907-12-01,18.413,Vietnam
1908-01-01,19.374,Vietnam
1908-02-01,18.678,Vietnam
1908-03-01,20.933000000000003,Vietnam
1908-04-01,24.4,Vietnam
1908-05-01,25.743,Vietnam
1908-06-01,26.637,Vietnam
1908-07-01,27.025,Vietnam
1908-08-01,26.296,Vietnam
1908-09-01,25.712,Vietnam
1908-10-01,24.232000000000006,Vietnam
1908-11-01,20.993,Vietnam
1908-12-01,19.493,Vietnam
1909-01-01,18.957,Vietnam
1909-02-01,20.143,Vietnam
1909-03-01,21.798,Vietnam
1909-04-01,24.903,Vietnam
1909-05-01,25.922,Vietnam
1909-06-01,27.186,Vietnam
1909-07-01,26.456,Vietnam
1909-08-01,26.703000000000003,Vietnam
1909-09-01,26.109,Vietnam
1909-10-01,24.656,Vietnam
1909-11-01,21.433000000000003,Vietnam
1909-12-01,19.204,Vietnam
1910-01-01,19.618,Vietnam
1910-02-01,19.921,Vietnam
1910-03-01,21.841,Vietnam
1910-04-01,23.996,Vietnam
1910-05-01,26.391,Vietnam
1910-06-01,26.817,Vietnam
1910-07-01,27.218000000000004,Vietnam
1910-08-01,27.067,Vietnam
1910-09-01,25.399,Vietnam
1910-10-01,23.658,Vietnam
1910-11-01,21.85,Vietnam
1910-12-01,18.115,Vietnam
1911-01-01,18.976,Vietnam
1911-02-01,18.784,Vietnam
1911-03-01,22.191,Vietnam
1911-04-01,24.126,Vietnam
1911-05-01,26.654,Vietnam
1911-06-01,27.406,Vietnam
1911-07-01,26.821,Vietnam
1911-08-01,27.211,Vietnam
1911-09-01,26.403,Vietnam
1911-10-01,24.035,Vietnam
1911-11-01,22.59,Vietnam
1911-12-01,20.357000000000006,Vietnam
1912-01-01,18.402,Vietnam
1912-02-01,19.864,Vietnam
1912-03-01,22.556,Vietnam
1912-04-01,24.437,Vietnam
1912-05-01,27.747,Vietnam
1912-06-01,28.463,Vietnam
1912-07-01,26.895,Vietnam
1912-08-01,26.494,Vietnam
1912-09-01,25.179,Vietnam
1912-10-01,23.610000000000007,Vietnam
1912-11-01,21.231,Vietnam
1912-12-01,19.132,Vietnam
1913-01-01,18.519,Vietnam
1913-02-01,19.866,Vietnam
1913-03-01,20.848000000000003,Vietnam
1913-04-01,23.974,Vietnam
1913-05-01,25.844,Vietnam
1913-06-01,27.423,Vietnam
1913-07-01,26.889000000000006,Vietnam
1913-08-01,26.359,Vietnam
1913-09-01,25.828000000000003,Vietnam
1913-10-01,23.835,Vietnam
1913-11-01,21.653,Vietnam
1913-12-01,18.438,Vietnam
1914-01-01,19.293,Vietnam
1914-02-01,20.542,Vietnam
1914-03-01,22.753,Vietnam
1914-04-01,24.961,Vietnam
1914-05-01,27.034,Vietnam
1914-06-01,27.166,Vietnam
1914-07-01,26.59,Vietnam
1914-08-01,26.679,Vietnam
1914-09-01,25.829,Vietnam
1914-10-01,24.492,Vietnam
1914-11-01,22.46,Vietnam
1914-12-01,20.072000000000006,Vietnam
1915-01-01,19.591,Vietnam
1915-02-01,20.994,Vietnam
1915-03-01,22.432,Vietnam
1915-04-01,25.219,Vietnam
1915-05-01,26.242,Vietnam
1915-06-01,27.095,Vietnam
1915-07-01,27.025,Vietnam
1915-08-01,27.454,Vietnam
1915-09-01,25.728,Vietnam
1915-10-01,24.28,Vietnam
1915-11-01,21.77,Vietnam
1915-12-01,19.35,Vietnam
1916-01-01,18.663,Vietnam
1916-02-01,19.534,Vietnam
1916-03-01,20.835,Vietnam
1916-04-01,24.115,Vietnam
1916-05-01,26.289,Vietnam
1916-06-01,26.578000000000003,Vietnam
1916-07-01,26.488000000000003,Vietnam
1916-08-01,26.539,Vietnam
1916-09-01,25.394,Vietnam
1916-10-01,23.413,Vietnam
1916-11-01,20.975,Vietnam
1916-12-01,19.041,Vietnam
1917-01-01,17.505,Vietnam
1917-02-01,19.054,Vietnam
1917-03-01,20.854,Vietnam
1917-04-01,23.919,Vietnam
1917-05-01,25.56,Vietnam
1917-06-01,26.701,Vietnam
1917-07-01,26.782,Vietnam
1917-08-01,26.451,Vietnam
1917-09-01,25.116,Vietnam
1917-10-01,23.788,Vietnam
1917-11-01,21.253,Vietnam
1917-12-01,18.608,Vietnam
1918-01-01,16.561999999999998,Vietnam
1918-02-01,18.634,Vietnam
1918-03-01,21.236,Vietnam
1918-04-01,23.869,Vietnam
1918-05-01,26.082,Vietnam
1918-06-01,26.413,Vietnam
1918-07-01,27.147,Vietnam
1918-08-01,26.062,Vietnam
1918-09-01,25.746,Vietnam
1918-10-01,24.517000000000003,Vietnam
1918-11-01,22.034,Vietnam
1918-12-01,20.745,Vietnam
1919-01-01,20.089,Vietnam
1919-02-01,19.633,Vietnam
1919-03-01,23.45,Vietnam
1919-04-01,25.437,Vietnam
1919-05-01,26.735,Vietnam
1919-06-01,27.622,Vietnam
1919-07-01,27.028,Vietnam
1919-08-01,26.81,Vietnam
1919-09-01,25.736,Vietnam
1919-10-01,23.74,Vietnam
1919-11-01,21.575000000000006,Vietnam
1919-12-01,19.061,Vietnam
1920-01-01,18.383,Vietnam
1920-02-01,19.327,Vietnam
1920-03-01,21.993,Vietnam
1920-04-01,24.328000000000003,Vietnam
1920-05-01,26.904,Vietnam
1920-06-01,27.326,Vietnam
1920-07-01,27.346,Vietnam
1920-08-01,26.732,Vietnam
1920-09-01,25.436,Vietnam
1920-10-01,23.801,Vietnam
1920-11-01,22.47,Vietnam
1920-12-01,20.180000000000003,Vietnam
1921-01-01,18.624,Vietnam
1921-02-01,19.194000000000003,Vietnam
1921-03-01,21.848000000000003,Vietnam
1921-04-01,24.378,Vietnam
1921-05-01,26.706,Vietnam
1921-06-01,27.26,Vietnam
1921-07-01,26.796000000000006,Vietnam
1921-08-01,26.771,Vietnam
1921-09-01,25.168000000000003,Vietnam
1921-10-01,23.8,Vietnam
1921-11-01,21.378,Vietnam
1921-12-01,20.099,Vietnam
1922-01-01,19.606,Vietnam
1922-02-01,21.054,Vietnam
1922-03-01,21.748,Vietnam
1922-04-01,24.519,Vietnam
1922-05-01,27.278,Vietnam
1922-06-01,27.225,Vietnam
1922-07-01,26.837,Vietnam
1922-08-01,26.827,Vietnam
1922-09-01,25.471,Vietnam
1922-10-01,24.0,Vietnam
1922-11-01,21.305,Vietnam
1922-12-01,18.926,Vietnam
1923-01-01,19.136,Vietnam
1923-02-01,19.377,Vietnam
1923-03-01,22.652,Vietnam
1923-04-01,24.845,Vietnam
1923-05-01,26.142,Vietnam
1923-06-01,26.564,Vietnam
1923-07-01,27.193,Vietnam
1923-08-01,26.436,Vietnam
1923-09-01,26.02,Vietnam
1923-10-01,24.567,Vietnam
1923-11-01,22.805,Vietnam
1923-12-01,19.982000000000006,Vietnam
1924-01-01,20.012,Vietnam
1924-02-01,20.419,Vietnam
1924-03-01,21.857,Vietnam
1924-04-01,24.295,Vietnam
1924-05-01,27.046,Vietnam
1924-06-01,26.971,Vietnam
1924-07-01,26.681,Vietnam
1924-08-01,26.529,Vietnam
1924-09-01,26.423,Vietnam
1924-10-01,23.665000000000006,Vietnam
1924-11-01,21.72,Vietnam
1924-12-01,19.436,Vietnam
1925-01-01,18.124,Vietnam
1925-02-01,18.099,Vietnam
1925-03-01,21.876,Vietnam
1925-04-01,22.583,Vietnam
1925-05-01,26.301,Vietnam
1925-06-01,26.91,Vietnam
1925-07-01,27.125,Vietnam
1925-08-01,26.908,Vietnam
1925-09-01,25.769,Vietnam
1925-10-01,23.844,Vietnam
1925-11-01,22.698,Vietnam
1925-12-01,19.365,Vietnam
1926-01-01,19.139,Vietnam
1926-02-01,19.825,Vietnam
1926-03-01,21.931,Vietnam
1926-04-01,24.998,Vietnam
1926-05-01,27.588,Vietnam
1926-06-01,26.783,Vietnam
1926-07-01,27.085,Vietnam
1926-08-01,26.198,Vietnam
1926-09-01,25.937,Vietnam
1926-10-01,23.391,Vietnam
1926-11-01,22.081,Vietnam
1926-12-01,19.785,Vietnam
1927-01-01,19.37,Vietnam
1927-02-01,19.321,Vietnam
1927-03-01,20.89,Vietnam
1927-04-01,23.729,Vietnam
1927-05-01,26.721,Vietnam
1927-06-01,27.313,Vietnam
1927-07-01,26.84,Vietnam
1927-08-01,27.033,Vietnam
1927-09-01,25.726,Vietnam
1927-10-01,23.402,Vietnam
1927-11-01,22.31900000000001,Vietnam
1927-12-01,20.805000000000003,Vietnam
1928-01-01,20.344,Vietnam
1928-02-01,18.961,Vietnam
1928-03-01,22.463,Vietnam
1928-04-01,24.227,Vietnam
1928-05-01,26.654,Vietnam
1928-06-01,26.435,Vietnam
1928-07-01,26.85,Vietnam
1928-08-01,26.516,Vietnam
1928-09-01,25.831,Vietnam
1928-10-01,22.674000000000003,Vietnam
1928-11-01,21.315,Vietnam
1928-12-01,20.399,Vietnam
1929-01-01,19.354,Vietnam
1929-02-01,19.687,Vietnam
1929-03-01,21.228,Vietnam
1929-04-01,23.485,Vietnam
1929-05-01,27.02,Vietnam
1929-06-01,27.182,Vietnam
1929-07-01,26.527,Vietnam
1929-08-01,26.553,Vietnam
1929-09-01,25.654,Vietnam
1929-10-01,23.972,Vietnam
1929-11-01,21.271,Vietnam
1929-12-01,20.56,Vietnam
1930-01-01,16.941,Vietnam
1930-02-01,19.646,Vietnam
1930-03-01,21.228,Vietnam
1930-04-01,25.317,Vietnam
1930-05-01,26.534,Vietnam
1930-06-01,26.766,Vietnam
1930-07-01,27.14,Vietnam
1930-08-01,26.757,Vietnam
1930-09-01,25.601,Vietnam
1930-10-01,24.41200000000001,Vietnam
1930-11-01,22.450000000000006,Vietnam
1930-12-01,20.078000000000007,Vietnam
1931-01-01,19.77,Vietnam
1931-02-01,20.67,Vietnam
1931-03-01,22.669,Vietnam
1931-04-01,25.812,Vietnam
1931-05-01,27.014,Vietnam
1931-06-01,27.681,Vietnam
1931-07-01,27.24,Vietnam
1931-08-01,27.06,Vietnam
1931-09-01,25.877,Vietnam
1931-10-01,22.953000000000007,Vietnam
1931-11-01,22.176,Vietnam
1931-12-01,20.303,Vietnam
1932-01-01,18.785,Vietnam
1932-02-01,18.356,Vietnam
1932-03-01,20.829,Vietnam
1932-04-01,24.139,Vietnam
1932-05-01,27.08,Vietnam
1932-06-01,27.515,Vietnam
1932-07-01,26.474,Vietnam
1932-08-01,27.115,Vietnam
1932-09-01,25.39,Vietnam
1932-10-01,23.32,Vietnam
1932-11-01,22.301,Vietnam
1932-12-01,19.137,Vietnam
1933-01-01,17.413,Vietnam
1933-02-01,19.888,Vietnam
1933-03-01,21.602,Vietnam
1933-04-01,24.78,Vietnam
1933-05-01,26.801,Vietnam
1933-06-01,27.555,Vietnam
1933-07-01,26.931,Vietnam
1933-08-01,26.754,Vietnam
1933-09-01,25.986,Vietnam
1933-10-01,23.692,Vietnam
1933-11-01,21.742,Vietnam
1933-12-01,20.603,Vietnam
1934-01-01,17.227999999999998,Vietnam
1934-02-01,19.639,Vietnam
1934-03-01,21.395,Vietnam
1934-04-01,23.588,Vietnam
1934-05-01,26.315,Vietnam
1934-06-01,26.996,Vietnam
1934-07-01,26.839,Vietnam
1934-08-01,26.49,Vietnam
1934-09-01,26.133000000000003,Vietnam
1934-10-01,23.22,Vietnam
1934-11-01,21.8,Vietnam
1934-12-01,19.763,Vietnam
1935-01-01,19.621,Vietnam
1935-02-01,20.665,Vietnam
1935-03-01,22.853,Vietnam
1935-04-01,25.108,Vietnam
1935-05-01,26.452,Vietnam
1935-06-01,27.449,Vietnam
1935-07-01,27.051,Vietnam
1935-08-01,27.47,Vietnam
1935-09-01,25.501,Vietnam
1935-10-01,25.086,Vietnam
1935-11-01,23.104000000000006,Vietnam
1935-12-01,19.107000000000006,Vietnam
1936-01-01,17.555,Vietnam
1936-02-01,20.777,Vietnam
1936-03-01,20.648000000000003,Vietnam
1936-04-01,24.909,Vietnam
1936-05-01,26.635,Vietnam
1936-06-01,27.257,Vietnam
1936-07-01,27.056,Vietnam
1936-08-01,26.858,Vietnam
1936-09-01,25.649,Vietnam
1936-10-01,23.527,Vietnam
1936-11-01,22.372,Vietnam
1936-12-01,20.863000000000003,Vietnam
1937-01-01,19.263,Vietnam
1937-02-01,20.38,Vietnam
1937-03-01,23.259,Vietnam
1937-04-01,25.486,Vietnam
1937-05-01,26.882,Vietnam
1937-06-01,27.551,Vietnam
1937-07-01,27.122,Vietnam
1937-08-01,26.804,Vietnam
1937-09-01,26.008000000000003,Vietnam
1937-10-01,24.369000000000003,Vietnam
1937-11-01,22.24,Vietnam
1937-12-01,20.366000000000003,Vietnam
1938-01-01,19.622,Vietnam
1938-02-01,20.128,Vietnam
1938-03-01,21.993,Vietnam
1938-04-01,24.824,Vietnam
1938-05-01,26.41,Vietnam
1938-06-01,27.08,Vietnam
1938-07-01,26.871,Vietnam
1938-08-01,26.983,Vietnam
1938-09-01,26.135,Vietnam
1938-10-01,24.358,Vietnam
1938-11-01,21.595,Vietnam
1938-12-01,20.356,Vietnam
1939-01-01,19.459,Vietnam
1939-02-01,20.74,Vietnam
1939-03-01,23.038,Vietnam
1939-04-01,23.935,Vietnam
1939-05-01,26.323,Vietnam
1939-06-01,27.004,Vietnam
1939-07-01,27.132,Vietnam
1939-08-01,26.751,Vietnam
1939-09-01,25.638,Vietnam
1939-10-01,24.576,Vietnam
1939-11-01,22.689,Vietnam
1939-12-01,18.192,Vietnam
1940-01-01,18.844,Vietnam
1940-02-01,19.984,Vietnam
1940-03-01,22.037,Vietnam
1940-04-01,23.919,Vietnam
1940-05-01,26.238000000000003,Vietnam
1940-06-01,27.149,Vietnam
1940-07-01,27.603,Vietnam
1940-08-01,26.481,Vietnam
1940-09-01,26.419,Vietnam
1940-10-01,24.97600000000001,Vietnam
1940-11-01,22.434,Vietnam
1940-12-01,20.839,Vietnam
1941-01-01,21.533,Vietnam
1941-02-01,21.616,Vietnam
1941-03-01,23.008000000000003,Vietnam
1941-04-01,25.208,Vietnam
1941-05-01,26.81,Vietnam
1941-06-01,27.51,Vietnam
1941-07-01,27.721,Vietnam
1941-08-01,27.11,Vietnam
1941-09-01,25.987,Vietnam
1941-10-01,24.074,Vietnam
1941-11-01,22.334,Vietnam
1941-12-01,20.688,Vietnam
1942-01-01,19.4,Vietnam
1942-02-01,21.116,Vietnam
1942-03-01,23.37,Vietnam
1942-04-01,24.584,Vietnam
1942-05-01,26.977,Vietnam
1942-06-01,27.175,Vietnam
1942-07-01,27.125,Vietnam
1942-08-01,26.391,Vietnam
1942-09-01,25.765,Vietnam
1942-10-01,24.377,Vietnam
1942-11-01,22.741,Vietnam
1942-12-01,19.907,Vietnam
1943-01-01,18.137,Vietnam
1943-02-01,19.07,Vietnam
1943-03-01,22.367,Vietnam
1943-04-01,24.153,Vietnam
1943-05-01,26.864,Vietnam
1943-06-01,27.481,Vietnam
1943-07-01,27.25500000000001,Vietnam
1943-08-01,26.671,Vietnam
1943-09-01,25.749,Vietnam
1943-10-01,24.072000000000006,Vietnam
1943-11-01,22.206,Vietnam
1943-12-01,19.597,Vietnam
1944-01-01,19.905,Vietnam
1944-02-01,20.181,Vietnam
1944-03-01,21.995,Vietnam
1944-04-01,25.205,Vietnam
1944-05-01,26.375,Vietnam
1944-06-01,27.477,Vietnam
1944-07-01,27.008000000000006,Vietnam
1944-08-01,26.527,Vietnam
1944-09-01,26.311,Vietnam
1944-10-01,24.682,Vietnam
1944-11-01,23.652,Vietnam
1944-12-01,17.929000000000006,Vietnam
1945-01-01,18.955,Vietnam
1945-02-01,17.456,Vietnam
1945-03-01,21.771,Vietnam
1945-04-01,24.451,Vietnam
1945-05-01,25.637,Vietnam
1945-06-01,27.182,Vietnam
1945-07-01,27.731,Vietnam
1945-08-01,26.854,Vietnam
1945-09-01,26.489,Vietnam
1945-10-01,23.44,Vietnam
1945-11-01,23.911,Vietnam
1945-12-01,20.158,Vietnam
1946-01-01,20.452,Vietnam
1946-02-01,21.442,Vietnam
1946-03-01,23.385,Vietnam
1946-04-01,25.65,Vietnam
1946-05-01,26.767,Vietnam
1946-06-01,27.937,Vietnam
1946-07-01,28.158,Vietnam
1946-08-01,27.423,Vietnam
1946-09-01,26.528,Vietnam
1946-10-01,23.988000000000003,Vietnam
1946-11-01,23.103,Vietnam
1946-12-01,20.802000000000003,Vietnam
1947-01-01,20.861,Vietnam
1947-02-01,20.505,Vietnam
1947-03-01,22.654,Vietnam
1947-04-01,24.211,Vietnam
1947-05-01,27.02,Vietnam
1947-06-01,27.188,Vietnam
1947-07-01,27.129,Vietnam
1947-08-01,26.82,Vietnam
1947-09-01,26.059,Vietnam
1947-10-01,23.821,Vietnam
1947-11-01,22.241,Vietnam
1947-12-01,20.093,Vietnam
1948-01-01,19.076,Vietnam
1948-02-01,21.049,Vietnam
1948-03-01,23.165,Vietnam
1948-04-01,24.825,Vietnam
1948-05-01,26.668000000000003,Vietnam
1948-06-01,27.57,Vietnam
1948-07-01,27.061,Vietnam
1948-08-01,26.916,Vietnam
1948-09-01,25.9,Vietnam
1948-10-01,23.914,Vietnam
1948-11-01,20.64,Vietnam
1948-12-01,20.78,Vietnam
1949-01-01,18.46,Vietnam
1949-02-01,20.834,Vietnam
1949-03-01,22.598000000000003,Vietnam
1949-04-01,24.695,Vietnam
1949-05-01,26.801,Vietnam
1949-06-01,27.884,Vietnam
1949-07-01,27.097,Vietnam
1949-08-01,27.014,Vietnam
1949-09-01,26.122,Vietnam
1949-10-01,24.16,Vietnam
1949-11-01,22.34,Vietnam
1949-12-01,20.527,Vietnam
1950-01-01,20.818,Vietnam
1950-02-01,20.164,Vietnam
1950-03-01,23.011,Vietnam
1950-04-01,24.91,Vietnam
1950-05-01,26.703000000000003,Vietnam
1950-06-01,26.912,Vietnam
1950-07-01,27.111,Vietnam
1950-08-01,26.754,Vietnam
1950-09-01,25.789,Vietnam
1950-10-01,24.176,Vietnam
1950-11-01,22.346,Vietnam
1950-12-01,18.644,Vietnam
1951-01-01,18.991,Vietnam
1951-02-01,20.577,Vietnam
1951-03-01,21.898000000000003,Vietnam
1951-04-01,24.89,Vietnam
1951-05-01,26.417,Vietnam
1951-06-01,26.731,Vietnam
1951-07-01,26.913,Vietnam
1951-08-01,26.873,Vietnam
1951-09-01,25.903,Vietnam
1951-10-01,24.433000000000003,Vietnam
1951-11-01,22.602,Vietnam
1951-12-01,20.136000000000006,Vietnam
1952-01-01,19.879,Vietnam
1952-02-01,21.347,Vietnam
1952-03-01,23.643,Vietnam
1952-04-01,25.414,Vietnam
1952-05-01,27.311,Vietnam
1952-06-01,27.391,Vietnam
1952-07-01,27.323,Vietnam
1952-08-01,26.348000000000003,Vietnam
1952-09-01,25.726,Vietnam
1952-10-01,24.169,Vietnam
1952-11-01,22.74,Vietnam
1952-12-01,18.951,Vietnam
1953-01-01,19.643,Vietnam
1953-02-01,20.628,Vietnam
1953-03-01,23.204,Vietnam
1953-04-01,24.286,Vietnam
1953-05-01,26.738000000000003,Vietnam
1953-06-01,27.085,Vietnam
1953-07-01,27.577,Vietnam
1953-08-01,27.221,Vietnam
1953-09-01,25.715,Vietnam
1953-10-01,25.288,Vietnam
1953-11-01,22.84,Vietnam
1953-12-01,20.229000000000006,Vietnam
1954-01-01,21.157,Vietnam
1954-02-01,20.943,Vietnam
1954-03-01,21.409,Vietnam
1954-04-01,25.43,Vietnam
1954-05-01,26.823,Vietnam
1954-06-01,27.459,Vietnam
1954-07-01,27.63000000000001,Vietnam
1954-08-01,26.781,Vietnam
1954-09-01,25.707,Vietnam
1954-10-01,23.728,Vietnam
1954-11-01,22.185,Vietnam
1954-12-01,19.096,Vietnam
1955-01-01,17.714000000000002,Vietnam
1955-02-01,20.885,Vietnam
1955-03-01,23.03,Vietnam
1955-04-01,24.666,Vietnam
1955-05-01,27.023000000000003,Vietnam
1955-06-01,26.737,Vietnam
1955-07-01,27.116,Vietnam
1955-08-01,26.43,Vietnam
1955-09-01,26.168000000000003,Vietnam
1955-10-01,23.839,Vietnam
1955-11-01,21.036,Vietnam
1955-12-01,19.511000000000006,Vietnam
1956-01-01,18.237,Vietnam
1956-02-01,21.026,Vietnam
1956-03-01,23.161,Vietnam
1956-04-01,25.197,Vietnam
1956-05-01,26.062,Vietnam
1956-06-01,26.922,Vietnam
1956-07-01,26.786,Vietnam
1956-08-01,26.376,Vietnam
1956-09-01,25.769,Vietnam
1956-10-01,23.999,Vietnam
1956-11-01,21.161,Vietnam
1956-12-01,19.276,Vietnam
1957-01-01,19.869,Vietnam
1957-02-01,18.961,Vietnam
1957-03-01,22.165,Vietnam
1957-04-01,25.144,Vietnam
1957-05-01,27.257,Vietnam
1957-06-01,27.1,Vietnam
1957-07-01,27.099,Vietnam
1957-08-01,26.901,Vietnam
1957-09-01,26.031,Vietnam
1957-10-01,23.888,Vietnam
1957-11-01,22.985000000000007,Vietnam
1957-12-01,21.187,Vietnam
1958-01-01,19.587,Vietnam
1958-02-01,19.606,Vietnam
1958-03-01,23.899,Vietnam
1958-04-01,26.101,Vietnam
1958-05-01,27.679,Vietnam
1958-06-01,27.647,Vietnam
1958-07-01,27.204,Vietnam
1958-08-01,26.634,Vietnam
1958-09-01,25.885,Vietnam
1958-10-01,23.736,Vietnam
1958-11-01,21.474,Vietnam
1958-12-01,19.456000000000003,Vietnam
1959-01-01,18.696,Vietnam
1959-02-01,21.284,Vietnam
1959-03-01,22.043000000000003,Vietnam
1959-04-01,25.536,Vietnam
1959-05-01,26.517,Vietnam
1959-06-01,27.958,Vietnam
1959-07-01,26.916,Vietnam
1959-08-01,26.831,Vietnam
1959-09-01,25.759,Vietnam
1959-10-01,23.997000000000003,Vietnam
1959-11-01,22.96,Vietnam
1959-12-01,21.090000000000003,Vietnam
1960-01-01,19.663,Vietnam
1960-02-01,20.386,Vietnam
1960-03-01,23.863000000000003,Vietnam
1960-04-01,24.927,Vietnam
1960-05-01,26.722,Vietnam
1960-06-01,27.572,Vietnam
1960-07-01,26.798,Vietnam
1960-08-01,27.156,Vietnam
1960-09-01,25.915,Vietnam
1960-10-01,24.053,Vietnam
1960-11-01,22.953000000000007,Vietnam
1960-12-01,19.721,Vietnam
1961-01-01,18.801,Vietnam
1961-02-01,20.264,Vietnam
1961-03-01,23.109,Vietnam
1961-04-01,25.235,Vietnam
1961-05-01,26.729,Vietnam
1961-06-01,26.815,Vietnam
1961-07-01,27.417,Vietnam
1961-08-01,26.772,Vietnam
1961-09-01,26.047,Vietnam
1961-10-01,24.383000000000006,Vietnam
1961-11-01,22.676,Vietnam
1961-12-01,20.864,Vietnam
1962-01-01,17.849999999999994,Vietnam
1962-02-01,19.902,Vietnam
1962-03-01,22.109,Vietnam
1962-04-01,24.752,Vietnam
1962-05-01,27.189,Vietnam
1962-06-01,27.077,Vietnam
1962-07-01,27.163,Vietnam
1962-08-01,26.594,Vietnam
1962-09-01,25.698,Vietnam
1962-10-01,24.274,Vietnam
1962-11-01,22.278,Vietnam
1962-12-01,19.542,Vietnam
1963-01-01,17.028,Vietnam
1963-02-01,19.059,Vietnam
1963-03-01,21.76,Vietnam
1963-04-01,24.687,Vietnam
1963-05-01,27.284,Vietnam
1963-06-01,27.42,Vietnam
1963-07-01,27.078000000000007,Vietnam
1963-08-01,26.704,Vietnam
1963-09-01,26.514,Vietnam
1963-10-01,24.03,Vietnam
1963-11-01,23.41200000000001,Vietnam
1963-12-01,20.115,Vietnam
1964-01-01,20.418,Vietnam
1964-02-01,19.754,Vietnam
1964-03-01,22.743,Vietnam
1964-04-01,25.821,Vietnam
1964-05-01,26.578000000000003,Vietnam
1964-06-01,27.282,Vietnam
1964-07-01,27.278,Vietnam
1964-08-01,26.864,Vietnam
1964-09-01,26.092,Vietnam
1964-10-01,24.639000000000006,Vietnam
1964-11-01,21.102,Vietnam
1964-12-01,18.873,Vietnam
1965-01-01,18.659,Vietnam
1965-02-01,21.332,Vietnam
1965-03-01,22.078000000000003,Vietnam
1965-04-01,25.326,Vietnam
1965-05-01,26.599,Vietnam
1965-06-01,26.869,Vietnam
1965-07-01,27.332,Vietnam
1965-08-01,26.747,Vietnam
1965-09-01,25.721,Vietnam
1965-10-01,24.814,Vietnam
1965-11-01,22.936,Vietnam
1965-12-01,20.777,Vietnam
1966-01-01,20.911,Vietnam
1966-02-01,21.951,Vietnam
1966-03-01,23.86,Vietnam
1966-04-01,26.037,Vietnam
1966-05-01,26.234,Vietnam
1966-06-01,27.157,Vietnam
1966-07-01,27.195,Vietnam
1966-08-01,26.83,Vietnam
1966-09-01,25.516,Vietnam
1966-10-01,24.625,Vietnam
1966-11-01,22.78,Vietnam
1966-12-01,21.16,Vietnam
1967-01-01,18.205,Vietnam
1967-02-01,19.13,Vietnam
1967-03-01,22.474,Vietnam
1967-04-01,24.548,Vietnam
1967-05-01,27.212,Vietnam
1967-06-01,27.351,Vietnam
1967-07-01,27.337,Vietnam
1967-08-01,26.81,Vietnam
1967-09-01,25.731,Vietnam
1967-10-01,23.614,Vietnam
1967-11-01,22.509,Vietnam
1967-12-01,18.745,Vietnam
1968-01-01,19.462,Vietnam
1968-02-01,17.835,Vietnam
1968-03-01,22.591,Vietnam
1968-04-01,23.751,Vietnam
1968-05-01,26.597,Vietnam
1968-06-01,26.943,Vietnam
1968-07-01,27.535,Vietnam
1968-08-01,26.973000000000003,Vietnam
1968-09-01,25.989,Vietnam
1968-10-01,23.957,Vietnam
1968-11-01,23.141,Vietnam
1968-12-01,22.067,Vietnam
1969-01-01,20.726,Vietnam
1969-02-01,20.384,Vietnam
1969-03-01,22.96,Vietnam
1969-04-01,25.305,Vietnam
1969-05-01,27.938,Vietnam
1969-06-01,27.563,Vietnam
1969-07-01,27.171000000000006,Vietnam
1969-08-01,26.87,Vietnam
1969-09-01,25.876,Vietnam
1969-10-01,24.731,Vietnam
1969-11-01,21.511000000000006,Vietnam
1969-12-01,19.373,Vietnam
1970-01-01,19.048,Vietnam
1970-02-01,21.057,Vietnam
1970-03-01,22.387,Vietnam
1970-04-01,24.633000000000003,Vietnam
1970-05-01,26.91,Vietnam
1970-06-01,27.0,Vietnam
1970-07-01,27.154,Vietnam
1970-08-01,26.749,Vietnam
1970-09-01,26.052,Vietnam
1970-10-01,23.683000000000003,Vietnam
1970-11-01,21.773000000000003,Vietnam
1970-12-01,20.561,Vietnam
1971-01-01,17.98,Vietnam
1971-02-01,19.483,Vietnam
1971-03-01,21.99,Vietnam
1971-04-01,25.105,Vietnam
1971-05-01,26.301,Vietnam
1971-06-01,27.035,Vietnam
1971-07-01,26.782,Vietnam
1971-08-01,26.199,Vietnam
1971-09-01,26.19,Vietnam
1971-10-01,23.116000000000003,Vietnam
1971-11-01,20.928,Vietnam
1971-12-01,19.763,Vietnam
1972-01-01,18.631,Vietnam
1972-02-01,20.296,Vietnam
1972-03-01,22.158,Vietnam
1972-04-01,23.989,Vietnam
1972-05-01,27.398000000000003,Vietnam
1972-06-01,27.332,Vietnam
1972-07-01,27.303,Vietnam
1972-08-01,26.544,Vietnam
1972-09-01,25.992,Vietnam
1972-10-01,25.044,Vietnam
1972-11-01,23.062,Vietnam
1972-12-01,20.561,Vietnam
1973-01-01,19.96,Vietnam
1973-02-01,22.511,Vietnam
1973-03-01,23.928,Vietnam
1973-04-01,26.201,Vietnam
1973-05-01,27.376,Vietnam
1973-06-01,27.729,Vietnam
1973-07-01,27.153,Vietnam
1973-08-01,26.669,Vietnam
1973-09-01,26.05,Vietnam
1973-10-01,23.966,Vietnam
1973-11-01,21.669,Vietnam
1973-12-01,18.883000000000006,Vietnam
1974-01-01,18.645,Vietnam
1974-02-01,19.264,Vietnam
1974-03-01,21.333,Vietnam
1974-04-01,24.528,Vietnam
1974-05-01,26.768,Vietnam
1974-06-01,27.186,Vietnam
1974-07-01,27.329,Vietnam
1974-08-01,26.601,Vietnam
1974-09-01,26.341,Vietnam
1974-10-01,24.212000000000003,Vietnam
1974-11-01,22.542,Vietnam
1974-12-01,20.41,Vietnam
1975-01-01,19.886,Vietnam
1975-02-01,21.198,Vietnam
1975-03-01,23.47,Vietnam
1975-04-01,25.709,Vietnam
1975-05-01,26.939,Vietnam
1975-06-01,26.878,Vietnam
1975-07-01,27.247,Vietnam
1975-08-01,26.835,Vietnam
1975-09-01,26.105,Vietnam
1975-10-01,24.271,Vietnam
1975-11-01,21.552,Vietnam
1975-12-01,17.762,Vietnam
1976-01-01,18.297,Vietnam
1976-02-01,20.582,Vietnam
1976-03-01,22.054,Vietnam
1976-04-01,24.505,Vietnam
1976-05-01,26.319000000000003,Vietnam
1976-06-01,26.961,Vietnam
1976-07-01,26.999,Vietnam
1976-08-01,26.31,Vietnam
1976-09-01,25.927,Vietnam
1976-10-01,24.428,Vietnam
1976-11-01,20.943,Vietnam
1976-12-01,20.185,Vietnam
1977-01-01,18.146,Vietnam
1977-02-01,18.325,Vietnam
1977-03-01,22.028,Vietnam
1977-04-01,24.712,Vietnam
1977-05-01,27.525,Vietnam
1977-06-01,28.109,Vietnam
1977-07-01,27.23,Vietnam
1977-08-01,27.043000000000003,Vietnam
1977-09-01,25.519,Vietnam
1977-10-01,24.547,Vietnam
1977-11-01,21.664,Vietnam
1977-12-01,20.930000000000003,Vietnam
1978-01-01,19.631,Vietnam
1978-02-01,20.132,Vietnam
1978-03-01,23.329,Vietnam
1978-04-01,25.236,Vietnam
1978-05-01,26.702,Vietnam
1978-06-01,27.027,Vietnam
1978-07-01,26.89,Vietnam
1978-08-01,26.652,Vietnam
1978-09-01,25.218000000000004,Vietnam
1978-10-01,23.64,Vietnam
1978-11-01,21.793000000000006,Vietnam
1978-12-01,20.571,Vietnam
1979-01-01,20.405,Vietnam
1979-02-01,21.69,Vietnam
1979-03-01,23.509,Vietnam
1979-04-01,25.325,Vietnam
1979-05-01,26.689,Vietnam
1979-06-01,26.831,Vietnam
1979-07-01,27.541,Vietnam
1979-08-01,26.811,Vietnam
1979-09-01,25.991,Vietnam
1979-10-01,23.564,Vietnam
1979-11-01,21.484,Vietnam
1979-12-01,20.209000000000003,Vietnam
1980-01-01,19.877,Vietnam
1980-02-01,19.807,Vietnam
1980-03-01,24.013,Vietnam
1980-04-01,25.405,Vietnam
1980-05-01,26.866,Vietnam
1980-06-01,26.833,Vietnam
1980-07-01,27.205,Vietnam
1980-08-01,26.77,Vietnam
1980-09-01,25.554,Vietnam
1980-10-01,24.433000000000003,Vietnam
1980-11-01,23.006,Vietnam
1980-12-01,20.297,Vietnam
1981-01-01,19.392,Vietnam
1981-02-01,21.274,Vietnam
1981-03-01,23.747,Vietnam
1981-04-01,25.921,Vietnam
1981-05-01,26.449,Vietnam
1981-06-01,26.898000000000003,Vietnam
1981-07-01,27.078000000000007,Vietnam
1981-08-01,27.409,Vietnam
1981-09-01,26.564,Vietnam
1981-10-01,24.416,Vietnam
1981-11-01,22.324,Vietnam
1981-12-01,18.674000000000003,Vietnam
1982-01-01,19.563,Vietnam
1982-02-01,20.518,Vietnam
1982-03-01,23.4,Vietnam
1982-04-01,24.074,Vietnam
1982-05-01,26.775,Vietnam
1982-06-01,27.055,Vietnam
1982-07-01,27.396,Vietnam
1982-08-01,26.885,Vietnam
1982-09-01,25.678,Vietnam
1982-10-01,24.812,Vietnam
1982-11-01,23.175,Vietnam
1982-12-01,18.677,Vietnam
1983-01-01,18.544,Vietnam
1983-02-01,20.278,Vietnam
1983-03-01,22.061,Vietnam
1983-04-01,25.454,Vietnam
1983-05-01,27.321,Vietnam
1983-06-01,27.772,Vietnam
1983-07-01,27.73,Vietnam
1983-08-01,26.78,Vietnam
1983-09-01,26.315,Vietnam
1983-10-01,24.538,Vietnam
1983-11-01,21.478,Vietnam
1983-12-01,19.07,Vietnam
1984-01-01,18.022,Vietnam
1984-02-01,19.887,Vietnam
1984-03-01,22.648000000000003,Vietnam
1984-04-01,25.65,Vietnam
1984-05-01,26.151,Vietnam
1984-06-01,27.035,Vietnam
1984-07-01,26.942,Vietnam
1984-08-01,26.689,Vietnam
1984-09-01,25.633000000000003,Vietnam
1984-10-01,23.692,Vietnam
1984-11-01,22.868,Vietnam
1984-12-01,19.85100000000001,Vietnam
1985-01-01,18.928,Vietnam
1985-02-01,21.134,Vietnam
1985-03-01,21.632,Vietnam
1985-04-01,24.176,Vietnam
1985-05-01,26.826,Vietnam
1985-06-01,27.242,Vietnam
1985-07-01,26.843000000000004,Vietnam
1985-08-01,27.025,Vietnam
1985-09-01,25.665,Vietnam
1985-10-01,24.352,Vietnam
1985-11-01,22.861,Vietnam
1985-12-01,19.963,Vietnam
1986-01-01,19.12,Vietnam
1986-02-01,20.076,Vietnam
1986-03-01,22.31,Vietnam
1986-04-01,25.344,Vietnam
1986-05-01,26.474,Vietnam
1986-06-01,27.519,Vietnam
1986-07-01,27.147,Vietnam
1986-08-01,26.873,Vietnam
1986-09-01,25.854,Vietnam
1986-10-01,24.016,Vietnam
1986-11-01,21.988000000000003,Vietnam
1986-12-01,20.425,Vietnam
1987-01-01,20.551,Vietnam
1987-02-01,21.545,Vietnam
1987-03-01,24.223000000000003,Vietnam
1987-04-01,25.447,Vietnam
1987-05-01,28.039,Vietnam
1987-06-01,27.816,Vietnam
1987-07-01,27.614,Vietnam
1987-08-01,26.957,Vietnam
1987-09-01,26.002,Vietnam
1987-10-01,25.127,Vietnam
1987-11-01,23.018,Vietnam
1987-12-01,18.872,Vietnam
1988-01-01,20.711,Vietnam
1988-02-01,21.143,Vietnam
1988-03-01,22.404,Vietnam
1988-04-01,24.65,Vietnam
1988-05-01,27.468000000000004,Vietnam
1988-06-01,27.501,Vietnam
1988-07-01,27.481,Vietnam
1988-08-01,26.923,Vietnam
1988-09-01,26.086,Vietnam
1988-10-01,23.759,Vietnam
1988-11-01,21.522,Vietnam
1988-12-01,19.882,Vietnam
1989-01-01,19.402,Vietnam
1989-02-01,19.872,Vietnam
1989-03-01,21.843000000000004,Vietnam
1989-04-01,25.22,Vietnam
1989-05-01,26.409,Vietnam
1989-06-01,27.114,Vietnam
1989-07-01,27.019,Vietnam
1989-08-01,26.799,Vietnam
1989-09-01,26.367,Vietnam
1989-10-01,24.094,Vietnam
1989-11-01,22.497,Vietnam
1989-12-01,20.007,Vietnam
1990-01-01,19.982,Vietnam
1990-02-01,21.093000000000004,Vietnam
1990-03-01,22.726,Vietnam
1990-04-01,25.645,Vietnam
1990-05-01,26.198,Vietnam
1990-06-01,27.118,Vietnam
1990-07-01,27.031,Vietnam
1990-08-01,27.245,Vietnam
1990-09-01,26.348000000000003,Vietnam
1990-10-01,24.33,Vietnam
1990-11-01,22.796000000000006,Vietnam
1990-12-01,20.777,Vietnam
1991-01-01,20.577,Vietnam
1991-02-01,21.205,Vietnam
1991-03-01,23.771,Vietnam
1991-04-01,25.084,Vietnam
1991-05-01,26.977,Vietnam
1991-06-01,27.157,Vietnam
1991-07-01,26.846,Vietnam
1991-08-01,26.669,Vietnam
1991-09-01,26.182,Vietnam
1991-10-01,24.139000000000006,Vietnam
1991-11-01,22.097,Vietnam
1991-12-01,20.614,Vietnam
1992-01-01,18.43,Vietnam
1992-02-01,20.057,Vietnam
1992-03-01,22.809,Vietnam
1992-04-01,25.6,Vietnam
1992-05-01,27.309,Vietnam
1992-06-01,27.253,Vietnam
1992-07-01,26.577,Vietnam
1992-08-01,26.906,Vietnam
1992-09-01,26.329,Vietnam
1992-10-01,23.177000000000003,Vietnam
1992-11-01,21.108,Vietnam
1992-12-01,20.66,Vietnam
1993-01-01,18.764,Vietnam
1993-02-01,20.511,Vietnam
1993-03-01,22.824,Vietnam
1993-04-01,25.041,Vietnam
1993-05-01,26.769,Vietnam
1993-06-01,27.807,Vietnam
1993-07-01,27.428,Vietnam
1993-08-01,26.911,Vietnam
1993-09-01,25.828000000000003,Vietnam
1993-10-01,23.53,Vietnam
1993-11-01,22.434,Vietnam
1993-12-01,19.381,Vietnam
1994-01-01,20.164,Vietnam
1994-02-01,21.731,Vietnam
1994-03-01,21.794,Vietnam
1994-04-01,25.889,Vietnam
1994-05-01,26.958,Vietnam
1994-06-01,26.778,Vietnam
1994-07-01,26.735000000000007,Vietnam
1994-08-01,26.69,Vietnam
1994-09-01,25.676,Vietnam
1994-10-01,23.535,Vietnam
1994-11-01,22.884,Vietnam
1994-12-01,21.079,Vietnam
1995-01-01,19.361,Vietnam
1995-02-01,19.744,Vietnam
1995-03-01,22.608,Vietnam
1995-04-01,25.675,Vietnam
1995-05-01,26.816,Vietnam
1995-06-01,27.601,Vietnam
1995-07-01,26.936,Vietnam
1995-08-01,26.565,Vietnam
1995-09-01,25.729,Vietnam
1995-10-01,24.779000000000003,Vietnam
1995-11-01,21.792,Vietnam
1995-12-01,19.422,Vietnam
1996-01-01,19.206,Vietnam
1996-02-01,19.232,Vietnam
1996-03-01,22.997,Vietnam
1996-04-01,23.639,Vietnam
1996-05-01,26.442,Vietnam
1996-06-01,27.079,Vietnam
1996-07-01,27.034,Vietnam
1996-08-01,26.678,Vietnam
1996-09-01,25.723000000000003,Vietnam
1996-10-01,24.404000000000003,Vietnam
1996-11-01,22.87,Vietnam
1996-12-01,19.692,Vietnam
1997-01-01,19.629,Vietnam
1997-02-01,20.144,Vietnam
1997-03-01,22.847,Vietnam
1997-04-01,24.828000000000003,Vietnam
1997-05-01,27.069000000000003,Vietnam
1997-06-01,27.534,Vietnam
1997-07-01,26.745,Vietnam
1997-08-01,27.012,Vietnam
1997-09-01,25.274,Vietnam
1997-10-01,24.91,Vietnam
1997-11-01,23.383000000000006,Vietnam
1997-12-01,21.297,Vietnam
1998-01-01,21.054,Vietnam
1998-02-01,21.933000000000003,Vietnam
1998-03-01,23.988000000000003,Vietnam
1998-04-01,26.457,Vietnam
1998-05-01,27.775,Vietnam
1998-06-01,28.058000000000003,Vietnam
1998-07-01,27.732000000000006,Vietnam
1998-08-01,27.381,Vietnam
1998-09-01,26.111,Vietnam
1998-10-01,24.683000000000003,Vietnam
1998-11-01,22.849,Vietnam
1998-12-01,20.777,Vietnam
1999-01-01,20.029,Vietnam
1999-02-01,21.402,Vietnam
1999-03-01,23.798,Vietnam
1999-04-01,25.412,Vietnam
1999-05-01,25.658,Vietnam
1999-06-01,27.116,Vietnam
1999-07-01,27.22600000000001,Vietnam
1999-08-01,26.615,Vietnam
1999-09-01,26.093000000000004,Vietnam
1999-10-01,24.417,Vietnam
1999-11-01,22.547,Vietnam
1999-12-01,18.484,Vietnam
2000-01-01,20.329,Vietnam
2000-02-01,19.886,Vietnam
2000-03-01,22.626,Vietnam
2000-04-01,25.217,Vietnam
2000-05-01,26.261,Vietnam
2000-06-01,26.616,Vietnam
2000-07-01,26.889000000000006,Vietnam
2000-08-01,26.902,Vietnam
2000-09-01,25.697,Vietnam
2000-10-01,24.292,Vietnam
2000-11-01,22.08,Vietnam
2000-12-01,20.988000000000003,Vietnam
2001-01-01,20.692,Vietnam
2001-02-01,20.582,Vietnam
2001-03-01,23.102,Vietnam
2001-04-01,25.846,Vietnam
2001-05-01,26.343000000000004,Vietnam
2001-06-01,26.908,Vietnam
2001-07-01,27.303,Vietnam
2001-08-01,26.685,Vietnam
2001-09-01,26.334,Vietnam
2001-10-01,24.765,Vietnam
2001-11-01,21.535,Vietnam
2001-12-01,20.124,Vietnam
2002-01-01,19.691,Vietnam
2002-02-01,21.214,Vietnam
2002-03-01,23.558000000000003,Vietnam
2002-04-01,26.04,Vietnam
2002-05-01,27.024,Vietnam
2002-06-01,27.565,Vietnam
2002-07-01,27.475,Vietnam
2002-08-01,26.359,Vietnam
2002-09-01,25.626,Vietnam
2002-10-01,24.458,Vietnam
2002-11-01,22.50500000000001,Vietnam
2002-12-01,21.21,Vietnam
2003-01-01,19.269,Vietnam
2003-02-01,22.12,Vietnam
2003-03-01,23.344,Vietnam
2003-04-01,26.278,Vietnam
2003-05-01,27.257,Vietnam
2003-06-01,27.58,Vietnam
2003-07-01,27.389000000000006,Vietnam
2003-08-01,27.121,Vietnam
2003-09-01,25.952,Vietnam
2003-10-01,24.586,Vietnam
2003-11-01,23.222,Vietnam
2003-12-01,19.855,Vietnam
2004-01-01,19.824,Vietnam
2004-02-01,20.301,Vietnam
2004-03-01,23.008000000000003,Vietnam
2004-04-01,25.337,Vietnam
2004-05-01,26.518,Vietnam
2004-06-01,27.085,Vietnam
2004-07-01,26.775,Vietnam
2004-08-01,27.004,Vietnam
2004-09-01,26.027,Vietnam
2004-10-01,23.986,Vietnam
2004-11-01,22.91200000000001,Vietnam
2004-12-01,19.906,Vietnam
2005-01-01,19.279,Vietnam
2005-02-01,21.574,Vietnam
2005-03-01,21.977,Vietnam
2005-04-01,25.252,Vietnam
2005-05-01,27.935,Vietnam
2005-06-01,27.972,Vietnam
2005-07-01,27.125,Vietnam
2005-08-01,26.834,Vietnam
2005-09-01,26.307,Vietnam
2005-10-01,24.712000000000003,Vietnam
2005-11-01,23.215,Vietnam
2005-12-01,19.394,Vietnam
2006-01-01,20.088,Vietnam
2006-02-01,21.393,Vietnam
2006-03-01,23.138,Vietnam
2006-04-01,25.803,Vietnam
2006-05-01,26.605,Vietnam
2006-06-01,27.724,Vietnam
2006-07-01,27.353,Vietnam
2006-08-01,26.527,Vietnam
2006-09-01,25.917,Vietnam
2006-10-01,25.156,Vietnam
2006-11-01,24.039,Vietnam
2006-12-01,20.534,Vietnam
2007-01-01,19.406,Vietnam
2007-02-01,22.371,Vietnam
2007-03-01,23.782,Vietnam
2007-04-01,24.808000000000003,Vietnam
2007-05-01,26.406,Vietnam
2007-06-01,27.865,Vietnam
2007-07-01,27.365,Vietnam
2007-08-01,26.736,Vietnam
2007-09-01,25.868,Vietnam
2007-10-01,24.222,Vietnam
2007-11-01,21.378,Vietnam
2007-12-01,21.419,Vietnam
2008-01-01,19.229,Vietnam
2008-02-01,18.1,Vietnam
2008-03-01,22.706,Vietnam
2008-04-01,25.57,Vietnam
2008-05-01,26.137,Vietnam
2008-06-01,26.955,Vietnam
2008-07-01,27.082,Vietnam
2008-08-01,26.684,Vietnam
2008-09-01,26.112,Vietnam
2008-10-01,24.998,Vietnam
2008-11-01,22.075000000000006,Vietnam
2008-12-01,19.76,Vietnam
2009-01-01,18.413,Vietnam
2009-02-01,23.029,Vietnam
2009-03-01,23.717,Vietnam
2009-04-01,25.25,Vietnam
2009-05-01,26.184,Vietnam
2009-06-01,27.726,Vietnam
2009-07-01,27.143,Vietnam
2009-08-01,27.342,Vietnam
2009-09-01,26.373,Vietnam
2009-10-01,25.002,Vietnam
2009-11-01,22.341,Vietnam
2009-12-01,21.067,Vietnam
2010-01-01,20.915,Vietnam
2010-02-01,22.809,Vietnam
2010-03-01,23.937,Vietnam
2010-04-01,25.68,Vietnam
2010-05-01,28.304,Vietnam
2010-06-01,28.124,Vietnam
2010-07-01,27.729000000000006,Vietnam
2010-08-01,26.689,Vietnam
2010-09-01,26.617,Vietnam
2010-10-01,24.082,Vietnam
2010-11-01,22.238000000000003,Vietnam
2010-12-01,20.876,Vietnam
2011-01-01,17.726,Vietnam
2011-02-01,20.704,Vietnam
2011-03-01,20.761,Vietnam
2011-04-01,24.307,Vietnam
2011-05-01,26.522,Vietnam
2011-06-01,27.397,Vietnam
2011-07-01,27.305,Vietnam
2011-08-01,26.933000000000003,Vietnam
2011-09-01,25.906,Vietnam
2011-10-01,24.06900000000001,Vietnam
2011-11-01,23.206000000000003,Vietnam
2011-12-01,19.475,Vietnam
2012-01-01,19.23,Vietnam
2012-02-01,20.764,Vietnam
2012-03-01,23.205,Vietnam
2012-04-01,26.063,Vietnam
2012-05-01,27.429,Vietnam
2012-06-01,27.682,Vietnam
2012-07-01,27.405,Vietnam
2012-08-01,27.373,Vietnam
2012-09-01,26.095,Vietnam
2012-10-01,25.091,Vietnam
2012-11-01,24.192,Vietnam
2012-12-01,21.923,Vietnam
2013-01-01,19.885,Vietnam
2013-02-01,22.549,Vietnam
2013-03-01,24.335,Vietnam
2013-04-01,25.887,Vietnam
2013-05-01,27.443,Vietnam
2013-06-01,27.623,Vietnam
2013-07-01,27.109,Vietnam
2013-08-01,27.026,Vietnam
2013-09-01,,Vietnam
